timestamp,frame_index,track_id,risk_score,behaviors
2026-02-20 11:41:26,1,1,0,normal
2026-02-20 11:46:10,1,1,10,normal
2026-02-20 11:48:21,1,1,10,normal
2026-02-20 11:48:22,2,1,10,normal
2026-02-20 11:48:22,3,1,10,normal
2026-02-20 11:48:22,4,1,10,normal
2026-02-20 11:48:22,5,1,10,normal
2026-02-20 11:48:22,6,1,10,normal
2026-02-20 11:48:22,7,1,10,normal
2026-02-20 11:48:22,8,1,10,normal
2026-02-20 11:48:22,9,1,10,normal
2026-02-20 11:48:23,10,1,10,normal
2026-02-20 11:48:23,11,1,10,normal
2026-02-20 11:48:23,12,1,10,normal
2026-02-20 11:48:23,13,1,10,normal
2026-02-20 11:48:23,14,1,10,normal
2026-02-20 11:48:23,15,1,10,normal
2026-02-20 11:48:23,16,1,10,normal
2026-02-20 11:48:23,17,1,10,normal
2026-02-20 11:48:24,18,1,10,normal
2026-02-20 11:48:24,19,1,10,normal
2026-02-20 11:48:24,20,1,10,normal
2026-02-20 11:48:24,21,1,10,normal
2026-02-20 11:48:24,22,1,10,normal
2026-02-20 11:48:24,23,1,10,normal
2026-02-20 11:48:24,24,1,10,normal
2026-02-20 11:48:24,25,1,10,normal
2026-02-20 11:48:25,26,1,10,normal
2026-02-20 11:48:25,27,1,10,normal
2026-02-20 11:48:25,28,1,10,normal
2026-02-20 11:48:25,29,1,10,normal
2026-02-20 11:48:25,30,1,10,normal
2026-02-20 11:48:25,31,1,10,normal
2026-02-20 11:48:25,32,1,10,normal
2026-02-20 11:48:26,33,1,10,normal
2026-02-20 11:48:26,34,1,10,normal
2026-02-20 11:48:26,35,1,10,normal
2026-02-20 11:48:26,36,1,10,normal
2026-02-20 11:48:26,37,1,10,normal
2026-02-20 11:48:26,38,1,10,normal
2026-02-20 11:48:26,39,1,10,normal
2026-02-20 11:48:26,40,1,10,normal
2026-02-20 11:48:27,41,1,10,normal
2026-02-20 11:48:27,42,1,10,normal
2026-02-20 11:48:27,43,1,10,normal
2026-02-20 11:48:27,44,1,10,normal
2026-02-20 11:48:27,45,1,10,normal
2026-02-20 11:48:27,46,1,10,normal
2026-02-20 11:48:27,47,1,10,normal
2026-02-20 11:48:27,48,1,15,loitering
2026-02-20 11:48:28,49,1,20,loitering
2026-02-20 11:48:28,50,1,25,loitering
2026-02-20 11:48:28,51,1,30,loitering
2026-02-20 11:48:28,52,1,35,loitering
2026-02-20 11:48:28,53,1,40,loitering
2026-02-20 11:48:28,54,1,45,loitering
2026-02-20 11:48:28,55,1,50,loitering
2026-02-20 11:48:28,56,1,55,loitering
2026-02-20 11:48:29,57,1,60,loitering
2026-02-20 11:48:29,58,1,65,loitering
2026-02-20 11:48:29,59,1,70,loitering
2026-02-20 11:48:29,60,1,75,loitering
2026-02-20 11:48:29,61,1,80,loitering
2026-02-20 11:48:29,62,1,85,loitering
2026-02-20 11:48:29,63,1,90,loitering
2026-02-20 11:48:30,64,1,95,loitering
2026-02-20 11:48:30,65,1,100,loitering
2026-02-20 11:48:30,66,1,100,loitering
2026-02-20 11:48:30,67,1,100,loitering
2026-02-20 11:48:30,68,1,100,loitering
2026-02-20 11:48:30,69,1,100,loitering
2026-02-20 11:48:30,70,1,100,loitering
2026-02-20 11:48:30,71,1,100,loitering
2026-02-20 11:48:30,72,1,100,loitering
2026-02-20 11:48:31,73,1,100,loitering
2026-02-20 11:48:31,74,1,100,loitering
2026-02-20 11:48:31,75,1,100,loitering
2026-02-20 11:48:31,76,1,100,loitering
2026-02-20 11:48:31,77,1,100,loitering
2026-02-20 11:48:31,78,1,100,loitering
2026-02-20 11:48:31,79,1,100,loitering
2026-02-20 11:48:32,80,1,100,loitering
2026-02-20 11:48:32,81,1,100,loitering
2026-02-20 11:48:32,82,1,100,loitering
2026-02-20 11:48:32,83,1,100,loitering
2026-02-20 11:48:32,84,1,100,loitering
2026-02-20 11:48:32,85,1,100,loitering
2026-02-20 11:48:32,86,1,100,loitering
2026-02-20 11:48:32,87,1,100,loitering
2026-02-20 11:48:33,88,1,100,loitering
2026-02-20 11:48:33,89,1,100,loitering
2026-02-20 11:48:33,90,1,100,loitering
2026-02-20 11:48:33,91,1,100,loitering
2026-02-20 11:48:33,92,1,100,loitering
2026-02-20 11:48:33,93,1,100,loitering
2026-02-20 11:48:33,94,1,100,loitering
2026-02-20 11:48:34,95,1,100,loitering
2026-02-20 11:48:34,96,1,100,loitering
2026-02-20 11:48:34,97,1,100,loitering
2026-02-20 11:48:34,98,1,100,loitering
2026-02-20 11:48:34,99,1,100,loitering
2026-02-20 11:48:34,100,1,100,loitering
2026-02-20 11:48:34,101,1,100,loitering
2026-02-20 11:48:34,102,1,100,loitering
2026-02-20 11:48:35,103,1,100,loitering
2026-02-20 11:48:35,104,1,100,loitering
2026-02-20 11:48:35,105,1,100,loitering
2026-02-20 11:48:35,106,1,100,loitering
2026-02-20 11:48:35,107,1,100,loitering
2026-02-20 11:48:35,108,1,100,loitering
2026-02-20 11:48:35,109,1,100,loitering
2026-02-20 11:48:35,110,1,100,loitering
2026-02-20 11:48:36,111,1,100,loitering
2026-02-20 11:48:36,112,1,100,loitering
2026-02-20 11:48:36,113,1,100,loitering
2026-02-20 11:48:36,114,1,99,normal
2026-02-20 11:48:36,115,1,98,normal
2026-02-20 11:48:36,116,1,97,normal
2026-02-20 11:48:36,117,1,96,normal
2026-02-20 11:48:37,118,1,95,normal
2026-02-20 11:48:37,119,1,94,normal
2026-02-20 11:48:37,120,1,93,normal
2026-02-20 11:48:37,121,1,92,normal
2026-02-20 11:48:37,122,1,91,normal
2026-02-20 11:48:37,123,1,90,normal
2026-02-20 11:48:37,124,1,89,normal
2026-02-20 11:48:37,125,1,88,normal
2026-02-20 11:48:38,126,1,87,normal
2026-02-20 11:48:38,127,1,86,normal
2026-02-20 11:48:38,128,1,85,normal
2026-02-20 11:48:38,129,1,84,normal
2026-02-20 11:48:38,130,1,83,normal
2026-02-20 11:48:38,131,1,82,normal
2026-02-20 11:48:38,132,1,81,normal
2026-02-20 11:48:39,133,1,80,normal
2026-02-20 11:48:39,134,1,79,normal
2026-02-20 11:48:39,135,1,78,normal
2026-02-20 11:48:39,136,1,77,normal
2026-02-20 11:48:39,137,1,76,normal
2026-02-20 11:48:39,138,1,81,loitering
2026-02-20 11:48:39,139,1,86,loitering
2026-02-20 11:48:39,140,1,91,loitering
2026-02-20 11:48:40,141,1,96,loitering
2026-02-20 11:48:40,142,1,100,loitering
2026-02-20 11:48:40,143,1,100,loitering
2026-02-20 11:48:40,144,1,100,loitering
2026-02-20 11:48:40,145,1,100,loitering
2026-02-20 11:48:40,146,1,100,loitering
2026-02-20 11:48:40,147,1,100,loitering
2026-02-20 11:48:41,148,1,100,loitering
2026-02-20 11:48:41,149,1,100,loitering
2026-02-20 11:48:41,150,1,100,loitering
2026-02-20 11:48:41,151,1,100,loitering
2026-02-20 11:48:41,152,1,100,loitering
2026-02-20 11:48:41,153,1,100,loitering
2026-02-20 11:48:41,154,1,100,loitering
2026-02-20 11:48:41,155,1,100,loitering
2026-02-20 11:48:42,156,1,100,loitering
2026-02-20 11:48:42,157,1,100,loitering
2026-02-20 11:48:42,158,1,100,loitering
2026-02-20 11:48:42,159,1,100,loitering
2026-02-20 11:48:42,160,1,100,loitering
2026-02-20 11:48:42,161,1,100,loitering
2026-02-20 11:48:42,162,1,100,loitering
2026-02-20 11:48:43,163,1,100,loitering
2026-02-20 11:48:43,164,1,100,loitering
2026-02-20 11:48:43,165,1,100,loitering
2026-02-20 11:48:43,166,1,100,loitering
2026-02-20 11:48:43,167,1,100,loitering
2026-02-20 11:48:43,168,1,100,loitering
2026-02-20 11:48:43,169,1,100,loitering
2026-02-20 11:48:43,170,1,100,loitering
2026-02-20 11:48:44,171,1,100,loitering
2026-02-20 11:48:44,172,1,100,loitering
2026-02-20 11:48:44,173,1,100,loitering
2026-02-20 11:48:44,174,1,100,loitering
2026-02-20 11:48:44,175,1,100,loitering
2026-02-20 11:48:44,176,1,100,loitering
2026-02-20 11:48:44,177,1,100,loitering
2026-02-20 11:48:45,178,1,100,loitering
2026-02-20 11:48:45,179,1,100,loitering
2026-02-20 11:48:45,180,1,100,loitering
2026-02-20 11:48:45,181,1,100,loitering
2026-02-20 11:48:45,182,1,100,loitering
2026-02-20 11:48:45,183,1,100,loitering
2026-02-20 11:48:45,184,1,100,loitering
2026-02-20 11:48:46,185,1,100,loitering
2026-02-20 11:48:46,186,1,100,loitering
2026-02-20 11:48:46,187,1,100,loitering
2026-02-20 11:48:46,188,1,100,loitering
2026-02-20 11:48:46,189,1,100,loitering
2026-02-20 11:48:46,190,1,100,loitering
2026-02-20 11:48:46,191,1,100,loitering
2026-02-20 11:48:46,192,1,100,loitering
2026-02-20 11:48:47,193,1,100,loitering
2026-02-20 11:48:47,194,1,100,loitering
2026-02-20 11:48:47,195,1,100,loitering
2026-02-20 11:48:47,196,1,100,loitering
2026-02-20 11:48:47,197,1,100,loitering
2026-02-20 11:48:47,198,1,100,loitering
2026-02-20 11:48:47,199,1,100,loitering
2026-02-20 11:48:48,200,1,100,loitering
2026-02-20 11:48:48,201,1,100,loitering
2026-02-20 11:48:48,202,1,100,loitering
2026-02-20 11:48:48,203,1,100,loitering
2026-02-20 11:48:48,204,1,100,loitering
2026-02-20 11:48:48,205,1,100,loitering
2026-02-20 11:48:48,206,1,100,loitering
2026-02-20 11:48:48,207,1,100,loitering
2026-02-20 11:48:49,208,1,100,loitering
2026-02-20 11:48:49,209,1,100,loitering
2026-02-20 11:48:49,210,1,100,loitering
2026-02-20 11:48:49,211,1,100,loitering
2026-02-20 11:48:49,212,1,100,loitering
2026-02-20 11:48:49,213,1,99,normal
2026-02-20 11:48:49,214,1,98,normal
2026-02-20 11:48:49,215,1,97,normal
2026-02-20 11:48:50,216,1,96,normal
2026-02-20 11:48:50,217,1,95,normal
2026-02-20 11:48:50,218,1,94,normal
2026-02-20 11:48:50,219,1,93,normal
2026-02-20 11:48:50,220,1,92,normal
2026-02-20 11:48:50,221,1,91,normal
2026-02-20 11:48:50,222,1,90,normal
2026-02-20 11:48:50,223,1,89,normal
2026-02-20 11:48:50,224,1,88,normal
2026-02-20 11:48:51,225,1,87,normal
2026-02-20 11:48:51,226,1,86,normal
2026-02-20 11:48:51,227,1,85,normal
2026-02-20 11:48:51,228,1,84,normal
2026-02-20 11:48:51,229,1,83,normal
2026-02-20 11:48:51,230,1,82,normal
2026-02-20 11:48:51,231,1,81,normal
2026-02-20 11:48:51,232,1,80,normal
2026-02-20 11:48:52,233,1,79,normal
2026-02-20 11:48:52,234,1,78,normal
2026-02-20 11:48:52,235,1,77,normal
2026-02-20 11:48:52,236,1,76,normal
2026-02-20 11:48:52,237,1,81,loitering
2026-02-20 11:48:52,238,1,86,loitering
2026-02-20 11:48:52,239,1,91,loitering
2026-02-20 11:48:52,240,1,96,loitering
2026-02-20 11:48:53,241,1,100,loitering
2026-02-20 11:48:53,242,1,100,loitering
2026-02-20 11:48:53,243,1,100,loitering
2026-02-20 11:48:53,244,1,100,loitering
2026-02-20 11:48:53,245,1,100,loitering
2026-02-20 11:48:53,246,1,100,loitering
2026-02-20 11:48:53,247,1,100,loitering
2026-02-20 11:48:53,248,1,100,loitering
2026-02-20 11:48:54,249,1,100,loitering
2026-02-20 11:48:54,250,1,100,loitering
2026-02-20 11:48:54,251,1,100,loitering
2026-02-20 11:48:54,252,1,100,loitering
2026-02-20 11:48:54,253,1,100,loitering
2026-02-20 11:48:54,254,1,100,loitering
2026-02-20 11:48:54,255,1,100,loitering
2026-02-20 11:48:55,256,1,100,loitering
2026-02-20 11:48:55,257,1,100,loitering
2026-02-20 11:48:55,258,1,100,loitering
2026-02-20 11:48:55,259,1,100,loitering
2026-02-20 11:48:55,260,1,100,loitering
2026-02-20 11:48:55,261,1,100,loitering
2026-02-20 11:48:55,262,1,100,loitering
2026-02-20 11:48:55,263,1,100,loitering
2026-02-20 11:48:56,264,1,100,loitering
2026-02-20 11:48:56,265,1,99,normal
2026-02-20 11:48:56,266,1,98,normal
2026-02-20 11:48:56,267,1,97,normal
2026-02-20 11:48:56,268,1,96,normal
2026-02-20 11:48:56,269,1,95,normal
2026-02-20 11:48:56,270,1,94,normal
2026-02-20 11:48:57,271,1,93,normal
2026-02-20 11:48:57,272,1,92,normal
2026-02-20 11:48:57,273,1,91,normal
2026-02-20 11:48:57,274,1,90,normal
2026-02-20 11:48:57,275,1,89,normal
2026-02-20 11:48:57,276,1,88,normal
2026-02-20 11:48:57,277,1,87,normal
2026-02-20 11:48:57,278,1,86,normal
2026-02-20 11:48:58,279,1,85,normal
2026-02-20 11:48:58,280,1,84,normal
2026-02-20 11:48:58,281,1,83,normal
2026-02-20 11:48:58,282,1,82,normal
2026-02-20 11:48:58,283,1,81,normal
2026-02-20 11:48:58,284,1,80,normal
2026-02-20 11:48:58,285,1,79,normal
2026-02-20 11:48:58,286,1,78,normal
2026-02-20 11:48:59,287,1,77,normal
2026-02-20 11:48:59,288,1,76,normal
2026-02-20 11:48:59,289,1,75,normal
2026-02-20 11:48:59,290,1,74,normal
2026-02-20 11:48:59,291,1,73,normal
2026-02-20 11:48:59,292,1,72,normal
2026-02-20 11:48:59,293,1,71,normal
2026-02-20 11:49:00,294,1,70,normal
2026-02-20 11:49:00,295,1,69,normal
2026-02-20 11:49:00,296,1,74,loitering
2026-02-20 11:49:00,297,1,79,loitering
2026-02-20 11:49:00,298,1,84,loitering
2026-02-20 11:49:00,299,1,89,loitering
2026-02-20 11:49:00,300,1,94,loitering
2026-02-20 11:49:01,301,1,99,loitering
2026-02-20 11:49:01,302,1,100,loitering
2026-02-20 11:49:01,303,1,100,loitering
2026-02-20 11:49:01,304,1,100,loitering
2026-02-20 11:49:01,305,1,100,loitering
2026-02-20 11:49:01,306,1,100,loitering
2026-02-20 11:49:01,307,1,100,loitering
2026-02-20 11:49:02,308,1,100,loitering
2026-02-20 11:49:02,309,1,100,loitering
2026-02-20 11:49:02,310,1,100,loitering
2026-02-20 11:49:02,311,1,100,loitering
2026-02-20 11:49:02,312,1,100,loitering
2026-02-20 11:49:02,313,1,100,loitering
2026-02-20 11:49:02,314,1,100,loitering
2026-02-20 11:49:03,315,1,100,loitering
2026-02-20 11:49:03,316,1,100,loitering
2026-02-20 11:49:03,317,1,99,normal
2026-02-20 11:49:03,318,1,98,normal
2026-02-20 11:49:03,319,1,97,normal
2026-02-20 11:49:03,320,1,96,normal
2026-02-20 11:49:03,321,1,95,normal
2026-02-20 11:49:04,322,1,94,normal
2026-02-20 11:49:04,323,1,93,normal
2026-02-20 11:49:04,324,1,92,normal
2026-02-20 11:49:04,325,1,91,normal
2026-02-20 11:49:04,326,1,90,normal
2026-02-20 11:49:04,327,1,89,normal
2026-02-20 11:49:04,328,1,88,normal
2026-02-20 11:49:04,329,1,87,normal
2026-02-20 11:49:05,330,1,86,normal
2026-02-20 11:49:05,331,1,85,normal
2026-02-20 11:49:05,332,1,84,normal
2026-02-20 11:49:05,333,1,83,normal
2026-02-20 11:49:05,334,1,82,normal
2026-02-20 11:49:05,335,1,81,normal
2026-02-20 11:49:05,336,1,80,normal
2026-02-20 11:49:05,337,1,79,normal
2026-02-20 11:49:06,338,1,78,normal
2026-02-20 11:49:06,339,1,77,normal
2026-02-20 11:49:06,340,1,76,normal
2026-02-20 11:49:06,341,1,75,normal
2026-02-20 11:49:06,342,1,74,normal
2026-02-20 11:49:06,343,1,73,normal
2026-02-20 11:49:06,344,1,72,normal
2026-02-20 11:49:07,345,1,71,normal
2026-02-20 11:49:07,346,1,70,normal
2026-02-20 11:49:07,347,1,69,normal
2026-02-20 11:49:07,348,1,68,normal
2026-02-20 11:49:07,349,1,67,normal
2026-02-20 11:49:07,350,1,66,normal
2026-02-20 11:49:07,351,1,65,normal
2026-02-20 11:49:07,352,1,64,normal
2026-02-20 11:49:08,353,1,63,normal
2026-02-20 11:49:08,354,1,62,normal
2026-02-20 11:49:08,355,1,61,normal
2026-02-20 11:49:08,356,1,60,normal
2026-02-20 11:49:08,357,1,59,normal
2026-02-20 11:49:08,358,1,58,normal
2026-02-20 11:49:08,359,1,57,normal
2026-02-20 11:49:08,360,1,56,normal
2026-02-20 11:49:09,361,1,55,normal
2026-02-20 11:49:09,362,1,54,normal
2026-02-20 11:49:09,363,1,53,normal
2026-02-20 11:49:09,364,1,52,normal
2026-02-20 11:49:09,365,1,57,loitering
2026-02-20 11:49:09,366,1,62,loitering
2026-02-20 11:49:09,367,1,67,loitering
2026-02-20 11:49:10,368,1,72,loitering
2026-02-20 11:49:10,369,1,77,loitering
2026-02-20 11:49:10,370,1,82,loitering
2026-02-20 11:49:10,371,1,87,loitering
2026-02-20 11:49:10,372,1,92,loitering
2026-02-20 11:49:10,373,1,97,loitering
2026-02-20 11:49:10,374,1,100,loitering
2026-02-20 11:49:10,375,1,100,loitering
2026-02-20 11:49:11,376,1,100,loitering
2026-02-20 11:49:11,377,1,100,loitering
2026-02-20 11:49:11,378,1,100,loitering
2026-02-20 11:49:11,379,1,100,loitering
2026-02-20 11:49:11,380,1,100,loitering
2026-02-20 11:49:11,381,1,100,loitering
2026-02-20 11:49:11,382,1,100,loitering
2026-02-20 11:49:11,383,1,100,loitering
2026-02-20 11:49:12,384,1,100,loitering
2026-02-20 11:49:12,385,1,100,loitering
2026-02-20 11:49:12,386,1,100,loitering
2026-02-20 11:49:12,387,1,100,loitering
2026-02-20 11:49:12,388,1,100,loitering
2026-02-20 11:49:12,389,1,100,loitering
2026-02-20 11:49:12,390,1,100,loitering
2026-02-20 11:49:12,391,1,100,loitering
2026-02-20 11:49:13,392,1,100,loitering
2026-02-20 11:49:13,393,1,100,loitering
2026-02-20 11:49:13,394,1,100,loitering
2026-02-20 11:49:13,395,1,100,loitering
2026-02-20 11:49:13,396,1,100,loitering
2026-02-20 11:49:13,397,1,100,loitering
2026-02-20 11:49:13,398,1,100,loitering
2026-02-20 11:49:14,399,1,100,loitering
2026-02-20 11:49:14,400,1,100,loitering
2026-02-20 11:49:14,401,1,100,loitering
2026-02-20 11:49:14,402,1,100,loitering
2026-02-20 11:49:14,403,1,100,loitering
2026-02-20 11:49:14,404,1,100,loitering
2026-02-20 11:49:14,405,1,100,loitering
2026-02-20 11:49:14,406,1,100,loitering
2026-02-20 11:49:15,407,1,100,loitering
2026-02-20 11:49:15,408,1,100,loitering
2026-02-20 11:49:15,409,1,100,loitering
2026-02-20 11:49:15,410,1,100,loitering
2026-02-20 11:49:15,411,1,100,loitering
2026-02-20 11:49:15,412,1,100,loitering
2026-02-20 11:49:15,413,1,100,loitering
2026-02-20 11:49:15,414,1,100,loitering
2026-02-20 11:49:16,415,1,100,loitering
2026-02-20 11:49:16,416,1,100,loitering
2026-02-20 11:49:16,417,1,100,loitering
2026-02-20 11:49:16,418,1,100,loitering
2026-02-20 11:49:16,419,1,100,loitering
2026-02-20 11:49:16,420,1,99,normal
2026-02-20 11:49:16,421,1,98,normal
2026-02-20 11:49:17,422,1,97,normal
2026-02-20 11:49:17,423,1,96,normal
2026-02-20 11:49:17,424,1,95,normal
2026-02-20 11:49:17,425,1,94,normal
2026-02-20 11:49:17,426,1,93,normal
2026-02-20 11:49:17,427,1,92,normal
2026-02-20 11:49:17,428,1,91,normal
2026-02-20 11:49:17,429,1,90,normal
2026-02-20 11:49:18,430,1,89,normal
2026-02-20 11:49:18,431,1,88,normal
2026-02-20 11:49:18,432,1,87,normal
2026-02-20 11:49:18,433,1,86,normal
2026-02-20 11:49:18,434,1,85,normal
2026-02-20 11:49:18,435,1,84,normal
2026-02-20 11:49:18,436,1,83,normal
2026-02-20 11:49:19,437,1,82,normal
2026-02-20 11:49:19,438,1,81,normal
2026-02-20 11:49:19,439,1,80,normal
2026-02-20 11:49:19,440,1,79,normal
2026-02-20 11:49:19,441,1,78,normal
2026-02-20 11:49:19,442,1,77,normal
2026-02-20 11:49:19,443,1,76,normal
2026-02-20 11:49:19,444,1,75,normal
2026-02-20 11:49:20,445,1,80,loitering
2026-02-20 11:49:20,446,1,85,loitering
2026-02-20 11:49:20,447,1,90,loitering
2026-02-20 11:49:20,448,1,95,loitering
2026-02-20 11:49:20,449,1,100,loitering
2026-02-20 11:49:20,450,1,100,loitering
2026-02-20 11:49:20,451,1,100,loitering
2026-02-20 11:49:21,452,1,100,loitering
2026-02-20 11:49:21,453,1,100,loitering
2026-02-20 11:49:21,454,1,100,loitering
2026-02-20 11:49:21,455,1,100,loitering
2026-02-20 11:49:21,456,1,100,loitering
2026-02-20 11:49:21,457,1,99,normal
2026-02-20 11:49:21,458,1,98,normal
2026-02-20 11:49:21,459,1,97,normal
2026-02-20 11:49:22,460,1,96,normal
2026-02-20 11:49:22,461,1,95,normal
2026-02-20 11:49:22,462,1,94,normal
2026-02-20 11:49:22,463,1,93,normal
2026-02-20 11:49:22,464,1,92,normal
2026-02-20 11:49:22,465,1,91,normal
2026-02-20 11:49:22,466,1,90,normal
2026-02-20 11:49:23,467,1,89,normal
2026-02-20 11:49:23,468,1,88,normal
2026-02-20 11:49:23,469,1,87,normal
2026-02-20 11:49:23,470,1,86,normal
2026-02-20 11:49:23,471,1,85,normal
2026-02-20 11:49:23,472,1,84,normal
2026-02-20 11:49:23,473,1,83,normal
2026-02-20 11:49:24,474,1,82,normal
2026-02-20 11:49:24,475,1,81,normal
2026-02-20 11:49:24,476,1,80,normal
2026-02-20 11:49:24,477,1,79,normal
2026-02-20 11:49:24,478,1,78,normal
2026-02-20 11:49:24,479,1,77,normal
2026-02-20 11:49:25,480,1,76,normal
2026-02-20 11:49:25,481,1,81,loitering
2026-02-20 11:49:25,482,1,86,loitering
2026-02-20 11:49:25,483,1,91,loitering
2026-02-20 11:49:25,484,1,96,loitering
2026-02-20 11:49:25,485,1,100,loitering
2026-02-20 11:49:25,486,1,100,loitering
2026-02-20 11:49:26,487,1,100,loitering
2026-02-20 11:49:26,488,1,100,loitering
2026-02-20 11:49:26,489,1,100,loitering
2026-02-20 11:49:26,490,1,100,loitering
2026-02-20 11:49:26,491,1,100,loitering
2026-02-20 11:49:26,492,1,100,loitering
2026-02-20 11:49:26,493,1,100,loitering
2026-02-20 11:49:27,494,1,100,loitering
2026-02-20 11:49:27,495,1,100,loitering
2026-02-20 11:49:27,496,1,100,loitering
2026-02-20 11:49:27,497,1,100,loitering
2026-02-20 11:49:27,498,1,100,loitering
2026-02-20 11:49:27,499,1,100,loitering
2026-02-20 11:49:27,500,1,100,loitering
2026-02-20 11:49:28,501,1,100,loitering
2026-02-20 11:49:28,502,1,100,loitering
2026-02-20 11:49:28,503,1,100,loitering
2026-02-20 11:49:28,504,1,100,loitering
2026-02-20 11:49:28,505,1,100,loitering
2026-02-20 11:49:28,506,1,100,loitering
2026-02-20 11:49:28,507,1,100,loitering
2026-02-20 11:49:29,508,1,100,loitering
2026-02-20 11:49:29,509,1,100,loitering
2026-02-20 11:49:29,510,1,100,loitering
2026-02-20 11:49:29,511,1,100,loitering
2026-02-20 11:49:29,512,1,100,loitering
2026-02-20 11:49:29,513,1,100,loitering
2026-02-20 11:49:29,514,1,100,loitering
2026-02-20 11:49:30,515,1,100,loitering
2026-02-20 11:49:30,516,1,100,loitering
2026-02-20 11:49:30,517,1,100,loitering
2026-02-20 11:49:30,518,1,100,loitering
2026-02-20 11:49:30,519,1,100,loitering
2026-02-20 11:49:30,520,1,100,loitering
2026-02-20 11:49:30,521,1,100,loitering
2026-02-20 11:49:31,522,1,100,loitering
2026-02-20 11:49:31,523,1,100,loitering
2026-02-20 11:49:31,524,1,100,loitering
2026-02-20 11:49:31,525,1,100,loitering
2026-02-20 11:49:31,526,1,100,loitering
2026-02-20 11:49:31,527,1,100,loitering
2026-02-20 11:49:31,528,1,100,loitering
2026-02-20 11:49:32,529,1,100,loitering
2026-02-20 11:49:32,530,1,100,loitering
2026-02-20 11:49:32,531,1,100,loitering
2026-02-20 11:49:32,532,1,100,loitering
2026-02-20 11:49:32,533,1,100,loitering
2026-02-20 11:49:32,534,1,100,loitering
2026-02-20 11:49:32,535,1,100,loitering
2026-02-20 11:49:33,536,1,100,loitering
2026-02-20 11:49:33,537,1,100,loitering
2026-02-20 11:49:33,538,1,100,loitering
2026-02-20 11:49:33,539,1,100,loitering
2026-02-20 11:49:33,540,1,100,loitering
2026-02-20 11:49:33,541,1,100,loitering
2026-02-20 11:49:33,542,1,100,loitering
2026-02-20 11:49:34,543,1,100,loitering
2026-02-20 11:49:34,544,1,100,loitering
2026-02-20 11:49:34,545,1,100,loitering
2026-02-20 11:49:34,546,1,100,loitering
2026-02-20 11:49:34,547,1,100,loitering
2026-02-20 11:49:34,548,1,100,loitering
2026-02-20 11:49:35,549,1,100,loitering
2026-02-20 11:49:35,550,1,99,normal
2026-02-20 11:49:35,551,1,98,normal
2026-02-20 11:49:35,552,1,97,normal
2026-02-20 11:49:35,553,1,96,normal
2026-02-20 11:49:35,554,1,95,normal
2026-02-20 11:49:35,555,1,94,normal
2026-02-20 11:49:36,556,1,93,normal
2026-02-20 11:49:36,557,1,92,normal
2026-02-20 11:49:36,558,1,91,normal
2026-02-20 11:49:36,559,1,90,normal
2026-02-20 11:49:36,560,1,89,normal
2026-02-20 11:49:36,561,1,88,normal
2026-02-20 11:49:37,562,1,87,normal
2026-02-20 11:49:37,563,1,86,normal
2026-02-20 11:49:37,564,1,85,normal
2026-02-20 11:49:37,565,1,84,normal
2026-02-20 11:49:37,566,1,83,normal
2026-02-20 11:49:37,567,1,82,normal
2026-02-20 11:49:37,568,1,81,normal
2026-02-20 11:49:38,569,1,80,normal
2026-02-20 11:49:38,570,1,79,normal
2026-02-20 11:49:38,571,1,78,normal
2026-02-20 11:49:38,572,1,77,normal
2026-02-20 11:49:38,573,1,76,normal
2026-02-20 11:49:38,574,1,75,normal
2026-02-20 11:49:38,575,1,74,normal
2026-02-20 11:49:39,576,1,73,normal
2026-02-20 11:49:39,577,1,72,normal
2026-02-20 11:49:39,578,1,77,loitering
2026-02-20 11:49:39,579,1,82,loitering
2026-02-20 11:49:39,580,1,87,loitering
2026-02-20 11:49:39,581,1,92,loitering
2026-02-20 11:49:39,582,1,97,loitering
2026-02-20 11:49:39,583,1,100,loitering
2026-02-20 11:49:40,584,1,100,loitering
2026-02-20 11:49:40,585,1,100,loitering
2026-02-20 11:49:40,586,1,100,loitering
2026-02-20 11:49:40,587,1,100,loitering
2026-02-20 11:49:40,588,1,100,loitering
2026-02-20 11:49:40,589,1,100,loitering
2026-02-20 11:49:40,590,1,100,loitering
2026-02-20 11:49:41,591,1,100,loitering
2026-02-20 11:49:41,592,1,100,loitering
2026-02-20 11:49:41,593,1,100,loitering
2026-02-20 11:49:41,594,1,100,loitering
2026-02-20 11:49:41,595,1,100,loitering
2026-02-20 11:49:41,596,1,100,loitering
2026-02-20 11:49:41,597,1,100,loitering
2026-02-20 11:49:41,598,1,100,loitering
2026-02-20 11:49:42,599,1,100,loitering
2026-02-20 11:49:42,600,1,100,loitering
2026-02-20 11:49:42,601,1,100,loitering
2026-02-20 11:49:42,602,1,100,loitering
2026-02-20 11:49:42,603,1,100,loitering
2026-02-20 11:49:42,604,1,100,loitering
2026-02-20 11:49:42,605,1,100,loitering
2026-02-20 11:49:43,606,1,100,loitering
2026-02-20 11:49:43,607,1,100,loitering
2026-02-20 11:49:43,608,1,100,loitering
2026-02-20 11:49:43,609,1,100,loitering
2026-02-20 11:49:43,610,1,100,loitering
2026-02-20 11:49:43,611,1,100,loitering
2026-02-20 11:49:43,612,1,100,loitering
2026-02-20 11:49:44,613,1,100,loitering
2026-02-20 11:49:44,614,1,100,loitering
2026-02-20 11:49:44,615,1,100,loitering
2026-02-20 11:49:44,616,1,100,loitering
2026-02-20 11:49:44,617,1,100,loitering
2026-02-20 11:49:44,618,1,100,loitering
2026-02-20 11:49:44,619,1,100,loitering
2026-02-20 11:49:45,620,1,100,loitering
2026-02-20 11:49:45,621,1,100,loitering
2026-02-20 11:49:45,622,1,100,loitering
2026-02-20 11:49:45,623,1,100,loitering
2026-02-20 11:49:45,624,1,100,loitering
2026-02-20 11:49:45,625,1,100,loitering
2026-02-20 11:49:45,626,1,100,loitering
2026-02-20 11:49:46,627,1,100,loitering
2026-02-20 11:49:46,628,1,100,loitering
2026-02-20 11:49:46,629,1,100,loitering
2026-02-20 11:49:46,630,1,100,loitering
2026-02-20 11:49:46,631,1,100,loitering
2026-02-20 11:49:46,632,1,100,loitering
2026-02-20 11:49:46,633,1,100,loitering
2026-02-20 11:49:46,634,1,100,loitering
2026-02-20 11:49:47,635,1,100,loitering
2026-02-20 11:49:47,636,1,100,loitering
2026-02-20 11:49:47,637,1,100,loitering
2026-02-20 11:49:47,638,1,100,loitering
2026-02-20 11:49:47,639,1,100,loitering
2026-02-20 11:49:47,640,1,100,loitering
2026-02-20 11:49:47,641,1,100,loitering
2026-02-20 11:49:48,642,1,100,loitering
2026-02-20 11:49:48,643,1,100,loitering
2026-02-20 11:49:48,644,1,100,loitering
2026-02-20 11:49:48,645,1,100,loitering
2026-02-20 11:49:48,646,1,100,loitering
2026-02-20 11:49:48,647,1,100,loitering
2026-02-20 11:49:48,648,1,100,loitering
2026-02-20 11:49:48,649,1,100,loitering
2026-02-20 11:49:49,650,1,100,loitering
2026-02-20 11:49:49,651,1,100,loitering
2026-02-20 11:49:49,652,1,100,loitering
2026-02-20 11:49:49,653,1,100,loitering
2026-02-20 11:49:49,654,1,100,loitering
2026-02-20 11:49:49,655,1,100,loitering
2026-02-20 11:49:49,656,1,100,loitering
2026-02-20 11:49:50,657,1,100,loitering
2026-02-20 11:49:50,658,1,100,loitering
2026-02-20 11:49:50,659,1,100,loitering
2026-02-20 11:49:50,660,1,99,normal
2026-02-20 11:49:50,661,1,98,normal
2026-02-20 11:49:50,662,1,97,normal
2026-02-20 11:49:50,663,1,96,normal
2026-02-20 11:49:51,664,1,95,normal
2026-02-20 11:49:51,665,1,94,normal
2026-02-20 11:49:51,666,1,93,normal
2026-02-20 11:49:51,667,1,92,normal
2026-02-20 11:49:51,668,1,91,normal
2026-02-20 11:49:51,669,1,90,normal
2026-02-20 11:49:51,670,1,89,normal
2026-02-20 11:49:52,671,1,88,normal
2026-02-20 11:49:52,672,1,87,normal
2026-02-20 11:49:52,673,1,86,normal
2026-02-20 11:49:52,674,1,85,normal
2026-02-20 11:49:52,675,1,84,normal
2026-02-20 11:49:52,676,1,83,normal
2026-02-20 11:49:52,677,1,82,normal
2026-02-20 11:49:52,678,1,81,normal
2026-02-20 11:49:53,679,1,80,normal
2026-02-20 11:49:53,680,1,79,normal
2026-02-20 11:49:53,681,1,78,normal
2026-02-20 11:49:53,682,1,77,normal
2026-02-20 11:49:53,683,1,76,normal
2026-02-20 11:49:53,684,1,75,normal
2026-02-20 11:49:53,685,1,74,normal
2026-02-20 11:49:54,686,1,73,normal
2026-02-20 11:49:54,687,1,72,normal
2026-02-20 11:49:54,688,1,71,normal
2026-02-20 11:49:54,689,1,70,normal
2026-02-20 11:49:54,690,1,69,normal
2026-02-20 11:49:54,691,1,68,normal
2026-02-20 11:49:54,692,1,67,normal
2026-02-20 11:49:55,693,1,66,normal
2026-02-20 11:49:55,694,1,65,normal
2026-02-20 11:49:55,695,1,64,normal
2026-02-20 11:49:55,696,1,63,normal
2026-02-20 11:49:55,697,1,62,normal
2026-02-20 11:49:55,698,1,61,normal
2026-02-20 11:49:55,699,1,60,normal
2026-02-20 11:49:56,700,1,59,normal
2026-02-20 11:49:56,701,1,58,normal
2026-02-20 11:49:56,702,1,57,normal
2026-02-20 11:49:56,703,1,56,normal
2026-02-20 11:49:56,704,1,55,normal
2026-02-20 11:49:56,705,1,54,normal
2026-02-20 11:49:56,706,1,53,normal
2026-02-20 11:49:57,707,1,52,normal
2026-02-20 11:49:57,708,1,51,normal
2026-02-20 11:49:57,709,1,50,normal
2026-02-20 11:49:57,710,1,49,normal
2026-02-20 11:49:57,711,1,48,normal
2026-02-20 11:49:57,712,1,47,normal
2026-02-20 11:49:57,713,1,46,normal
2026-02-20 11:49:57,714,1,45,normal
2026-02-20 11:49:58,715,1,44,normal
2026-02-20 11:49:58,716,1,49,loitering
2026-02-20 11:49:58,717,1,54,loitering
2026-02-20 11:49:58,718,1,59,loitering
2026-02-20 11:49:58,719,1,64,loitering
2026-02-20 11:49:58,720,1,69,loitering
2026-02-20 11:49:58,721,1,74,loitering
2026-02-20 11:49:59,722,1,79,loitering
2026-02-20 11:49:59,723,1,84,loitering
2026-02-20 11:49:59,724,1,89,loitering
2026-02-20 11:49:59,725,1,94,loitering
2026-02-20 11:49:59,726,1,99,loitering
2026-02-20 11:49:59,727,1,100,loitering
2026-02-20 11:49:59,728,1,100,loitering
2026-02-20 11:50:00,729,1,100,loitering
2026-02-20 11:50:00,730,1,100,loitering
2026-02-20 11:50:00,731,1,100,loitering
2026-02-20 11:50:00,732,1,100,loitering
2026-02-20 11:50:00,733,1,100,loitering
2026-02-20 11:50:00,734,1,100,loitering
2026-02-20 11:50:00,735,1,100,loitering
2026-02-20 11:50:01,736,1,100,loitering
2026-02-20 11:50:01,737,1,100,loitering
2026-02-20 11:50:01,738,1,100,loitering
2026-02-20 11:50:01,739,1,100,loitering
2026-02-20 11:50:01,740,1,100,loitering
2026-02-20 11:50:01,741,1,100,loitering
2026-02-20 11:50:01,742,1,100,loitering
2026-02-20 11:50:02,743,1,100,loitering
2026-02-20 11:50:02,744,1,100,loitering
2026-02-20 11:50:02,745,1,100,loitering
2026-02-20 11:50:02,746,1,100,loitering
2026-02-20 11:50:02,747,1,100,loitering
2026-02-20 11:50:02,748,1,100,loitering
2026-02-20 11:50:02,749,1,99,normal
2026-02-20 11:50:02,750,1,98,normal
2026-02-20 11:50:03,751,1,97,normal
2026-02-20 11:50:03,752,1,96,normal
2026-02-20 11:50:03,753,1,95,normal
2026-02-20 11:50:03,754,1,94,normal
2026-02-20 11:50:03,755,1,93,normal
2026-02-20 11:50:03,756,1,92,normal
2026-02-20 11:50:03,757,1,91,normal
2026-02-20 11:50:04,758,1,90,normal
2026-02-20 11:50:04,759,1,89,normal
2026-02-20 11:50:04,760,1,88,normal
2026-02-20 11:50:04,761,1,87,normal
2026-02-20 11:50:04,762,1,86,normal
2026-02-20 11:50:04,763,1,85,normal
2026-02-20 11:50:05,764,1,84,normal
2026-02-20 11:50:05,765,1,83,normal
2026-02-20 11:50:05,766,1,82,normal
2026-02-20 11:53:07,5,1,10,normal
2026-02-20 11:53:07,6,1,10,normal
2026-02-20 11:53:08,7,1,10,normal
2026-02-20 11:53:08,8,1,10,normal
2026-02-20 11:53:08,9,1,10,normal
2026-02-20 11:53:08,10,1,10,normal
2026-02-20 11:53:08,11,1,10,normal
2026-02-20 11:53:08,12,1,10,normal
2026-02-20 11:53:09,13,1,10,normal
2026-02-20 11:53:09,14,1,10,normal
2026-02-20 11:53:09,15,1,10,normal
2026-02-20 11:53:09,16,1,10,normal
2026-02-20 11:53:09,17,1,10,normal
2026-02-20 11:53:09,18,1,10,normal
2026-02-20 11:53:09,19,1,10,normal
2026-02-20 11:53:09,20,1,10,normal
2026-02-20 11:53:10,21,1,10,normal
2026-02-20 11:53:10,22,1,10,normal
2026-02-20 11:53:10,23,1,10,normal
2026-02-20 11:53:10,24,1,10,normal
2026-02-20 11:53:10,25,1,10,normal
2026-02-20 11:53:10,26,1,10,normal
2026-02-20 11:53:10,27,1,10,normal
2026-02-20 11:53:11,28,1,10,normal
2026-02-20 11:53:11,29,1,10,normal
2026-02-20 11:53:11,30,1,10,normal
2026-02-20 11:53:11,31,1,10,normal
2026-02-20 11:53:11,32,1,10,normal
2026-02-20 11:53:11,33,1,10,normal
2026-02-20 11:53:11,34,1,10,normal
2026-02-20 11:53:12,35,1,10,normal
2026-02-20 11:53:12,36,1,10,normal
2026-02-20 11:53:12,37,1,15,loitering
2026-02-20 11:53:12,38,1,20,loitering
2026-02-20 11:53:12,39,1,25,loitering
2026-02-20 11:53:12,40,1,30,loitering
2026-02-20 11:53:12,41,1,35,loitering
2026-02-20 11:53:13,42,1,40,loitering
2026-02-20 11:53:13,43,1,45,loitering
2026-02-20 11:53:13,44,1,50,loitering
2026-02-20 11:53:13,45,1,55,loitering
2026-02-20 11:53:13,46,1,60,loitering
2026-02-20 11:53:13,47,1,65,loitering
2026-02-20 11:53:13,48,1,70,loitering
2026-02-20 11:53:13,49,1,75,loitering
2026-02-20 11:53:14,50,1,80,loitering
2026-02-20 11:53:14,51,1,85,loitering
2026-02-20 11:53:14,52,1,90,loitering
2026-02-20 11:53:14,53,1,95,loitering
2026-02-20 11:53:14,54,1,100,loitering
2026-02-20 11:53:14,55,1,100,loitering
2026-02-20 11:53:15,56,1,100,loitering
2026-02-20 11:53:15,57,1,100,loitering
2026-02-20 11:53:15,58,1,100,loitering
2026-02-20 11:53:15,59,1,100,loitering
2026-02-20 11:53:15,60,1,100,loitering
2026-02-20 11:53:15,61,1,100,loitering
2026-02-20 11:53:15,62,1,100,loitering
2026-02-20 11:53:15,63,1,100,loitering
2026-02-20 11:53:16,64,1,100,loitering
2026-02-20 11:53:16,65,1,100,loitering
2026-02-20 11:53:16,66,1,100,loitering
2026-02-20 11:53:16,67,1,100,loitering
2026-02-20 11:53:16,68,1,100,loitering
2026-02-20 11:53:16,69,1,100,loitering
2026-02-20 11:53:16,70,1,99,normal
2026-02-20 11:53:17,71,1,98,normal
2026-02-20 11:53:17,72,1,97,normal
2026-02-20 11:53:17,73,1,96,normal
2026-02-20 11:53:17,74,1,95,normal
2026-02-20 11:53:17,75,1,100,running
2026-02-20 11:53:18,77,3,10,normal
2026-02-20 11:53:27,185,4,10,normal
2026-02-20 11:53:28,188,4,10,normal
2026-02-20 11:53:28,189,4,10,normal
2026-02-20 11:53:28,190,4,10,normal
2026-02-20 11:53:28,191,4,10,normal
2026-02-20 11:53:28,192,4,10,normal
2026-02-20 11:53:29,194,4,10,normal
2026-02-20 11:53:29,195,4,10,normal
2026-02-20 11:53:29,196,4,10,normal
2026-02-20 11:53:29,197,4,10,normal
2026-02-20 11:53:29,198,4,10,normal
2026-02-20 11:53:29,199,4,10,normal
2026-02-20 11:53:29,200,4,10,normal
2026-02-20 11:53:30,201,4,10,normal
2026-02-20 11:53:30,202,4,10,normal
2026-02-20 11:53:30,203,4,10,normal
2026-02-20 11:53:30,204,4,10,normal
2026-02-20 11:53:30,205,4,10,normal
2026-02-20 11:53:30,206,4,10,normal
2026-02-20 11:53:30,207,4,10,normal
2026-02-20 11:53:31,208,4,10,normal
2026-02-20 11:53:31,209,4,10,normal
2026-02-20 11:53:31,210,4,10,normal
2026-02-20 11:53:31,211,4,10,normal
2026-02-20 11:53:31,212,4,10,normal
2026-02-20 11:53:31,213,4,10,normal
2026-02-20 11:53:31,214,4,10,normal
2026-02-20 11:53:32,215,4,10,normal
2026-02-20 11:53:32,216,4,10,normal
2026-02-20 11:53:32,217,4,10,normal
2026-02-20 11:53:32,218,4,10,normal
2026-02-20 11:53:32,219,4,10,normal
2026-02-20 11:53:32,220,4,10,normal
2026-02-20 11:53:32,221,4,10,normal
2026-02-20 11:53:32,222,4,10,normal
2026-02-20 11:53:33,223,4,10,normal
2026-02-20 11:53:33,224,4,10,normal
2026-02-20 11:53:33,225,4,10,normal
2026-02-20 11:53:33,226,4,10,normal
2026-02-20 11:53:33,227,4,10,normal
2026-02-20 11:53:33,228,4,10,normal
2026-02-20 11:53:33,229,4,10,normal
2026-02-20 11:53:34,230,4,10,normal
2026-02-20 11:53:34,231,4,10,normal
2026-02-20 11:53:34,232,4,15,loitering
2026-02-20 11:53:34,233,4,20,loitering
2026-02-20 11:53:34,234,4,25,loitering
2026-02-20 11:53:34,235,4,30,loitering
2026-02-20 11:53:35,236,4,35,loitering
2026-02-20 11:53:35,237,4,40,loitering
2026-02-20 11:53:35,238,4,45,loitering
2026-02-20 11:53:35,239,4,50,loitering
2026-02-20 11:53:35,240,4,55,loitering
2026-02-20 11:53:35,241,4,60,loitering
2026-02-20 11:53:35,242,4,65,loitering
2026-02-20 11:53:35,243,4,70,loitering
2026-02-20 11:53:36,244,4,75,loitering
2026-02-20 11:53:36,245,4,80,loitering
2026-02-20 11:53:36,246,4,85,loitering
2026-02-20 11:53:36,247,4,90,loitering
2026-02-20 11:53:36,248,4,95,loitering
2026-02-20 11:53:36,249,4,100,loitering
2026-02-20 11:53:36,250,4,100,loitering
2026-02-20 11:53:37,251,4,100,loitering
2026-02-20 11:53:37,252,4,100,loitering
2026-02-20 11:53:37,253,4,100,loitering
2026-02-20 11:53:37,254,4,100,loitering
2026-02-20 11:53:37,255,4,100,loitering
2026-02-20 11:53:37,256,4,100,loitering
2026-02-20 11:53:37,257,4,100,loitering
2026-02-20 11:53:38,258,4,100,loitering
2026-02-20 11:53:38,259,4,100,loitering
2026-02-20 11:53:38,260,4,100,loitering
2026-02-20 11:53:38,261,4,100,loitering
2026-02-20 11:53:38,262,4,100,loitering
2026-02-20 11:53:38,263,4,100,loitering
2026-02-20 11:53:38,264,4,100,loitering
2026-02-20 11:53:39,265,4,100,loitering
2026-02-20 11:53:39,266,4,100,loitering
2026-02-20 11:53:39,267,4,100,loitering
2026-02-20 11:53:39,268,4,100,loitering
2026-02-20 11:53:39,269,4,100,loitering
2026-02-20 11:53:39,270,4,100,loitering
2026-02-20 11:53:39,271,4,100,loitering
2026-02-20 11:53:40,272,4,100,loitering
2026-02-20 11:53:40,273,4,100,loitering
2026-02-20 11:53:40,274,4,100,loitering
2026-02-20 11:53:40,275,4,100,loitering
2026-02-20 11:53:40,276,4,100,loitering
2026-02-20 11:53:40,277,4,99,normal
2026-02-20 11:53:41,278,4,98,normal
2026-02-20 11:53:41,279,4,97,normal
2026-02-20 11:53:41,280,4,96,normal
2026-02-20 11:53:41,281,4,95,normal
2026-02-20 11:53:41,282,4,100,running
2026-02-20 11:53:42,283,4,100,running
2026-02-20 12:05:57,1,1,10,normal
2026-02-20 12:05:57,2,1,10,normal
2026-02-20 12:05:58,3,1,10,normal
2026-02-20 12:05:58,4,1,10,normal
2026-02-20 12:05:58,5,1,10,normal
2026-02-20 12:05:58,6,1,10,normal
2026-02-20 12:05:58,7,1,10,normal
2026-02-20 12:05:58,8,1,10,normal
2026-02-20 12:05:58,9,1,10,normal
2026-02-20 12:05:59,10,1,10,normal
2026-02-20 12:05:59,11,1,10,normal
2026-02-20 12:05:59,12,1,10,normal
2026-02-20 12:05:59,13,1,10,normal
2026-02-20 12:05:59,14,1,10,normal
2026-02-20 12:05:59,15,1,25,running
2026-02-20 12:06:00,16,1,40,running
2026-02-20 12:06:00,17,1,55,running
2026-02-20 12:06:00,18,1,70,running
2026-02-20 12:08:27,1,1,10,normal
2026-02-20 12:08:27,2,1,10,normal
2026-02-20 12:08:27,3,1,10,normal
2026-02-20 12:08:27,4,1,10,normal
2026-02-20 12:08:27,5,1,10,normal
2026-02-20 12:08:28,6,1,10,normal
2026-02-20 12:08:28,7,1,10,normal
2026-02-20 12:08:28,8,1,10,normal
2026-02-20 12:08:28,9,1,10,normal
2026-02-20 12:08:28,10,1,10,normal
2026-02-20 12:08:28,11,1,10,normal
2026-02-20 12:08:29,12,1,10,normal
2026-02-20 12:08:29,13,1,10,normal
2026-02-20 12:08:29,14,1,10,normal
2026-02-20 12:08:29,15,1,10,normal
2026-02-20 12:08:29,16,1,10,normal
2026-02-20 12:08:29,17,1,10,normal
2026-02-20 12:08:30,18,1,10,normal
2026-02-20 12:08:30,19,1,10,normal
2026-02-20 12:08:30,20,1,10,normal
2026-02-20 12:08:30,21,1,10,normal
2026-02-20 12:08:30,22,1,10,normal
2026-02-20 12:08:30,23,1,10,normal
2026-02-20 12:08:30,24,1,10,normal
2026-02-20 12:08:31,25,1,10,normal
2026-02-20 12:08:31,26,1,10,normal
2026-02-20 12:08:31,27,1,10,normal
2026-02-20 12:08:31,28,1,10,normal
2026-02-20 12:08:31,29,1,10,normal
2026-02-20 12:08:31,30,1,15,loitering
2026-02-20 12:08:32,31,1,20,loitering
2026-02-20 12:08:32,32,1,25,loitering
2026-02-20 12:08:32,33,1,30,loitering
2026-02-20 12:08:32,34,1,35,loitering
2026-02-20 12:08:32,35,1,40,loitering
2026-02-20 12:08:32,36,1,45,loitering
2026-02-20 12:08:33,37,1,50,loitering
2026-02-20 12:08:33,38,1,49,normal
2026-02-20 12:08:33,39,1,48,normal
2026-02-20 12:08:33,40,1,47,normal
2026-02-20 12:08:34,42,1,10,normal
2026-02-20 12:08:34,43,1,10,normal
2026-02-20 12:08:34,44,1,10,normal
2026-02-20 12:08:34,46,1,10,normal
2026-02-20 12:08:44,147,4,10,normal
2026-02-20 12:08:44,149,4,10,normal
2026-02-20 12:08:44,150,4,10,normal
2026-02-20 12:08:44,151,4,10,normal
2026-02-20 12:08:44,152,4,10,normal
2026-02-20 12:08:44,153,4,10,normal
2026-02-20 12:08:45,154,4,10,normal
2026-02-20 12:08:45,155,4,10,normal
2026-02-20 12:08:45,157,4,10,normal
2026-02-20 12:08:45,158,4,10,normal
2026-02-20 12:08:45,159,4,10,normal
2026-02-20 12:08:46,160,4,10,normal
2026-02-20 12:08:46,161,4,10,normal
2026-02-20 12:08:47,167,4,10,normal
2026-02-20 12:08:47,168,4,10,normal
2026-02-20 12:08:47,169,4,10,normal
2026-02-20 12:08:47,170,4,10,normal
2026-02-20 12:08:47,171,4,10,normal
2026-02-20 12:08:47,172,4,10,normal
2026-02-20 12:08:47,173,4,10,normal
2026-02-20 12:08:47,174,4,10,normal
2026-02-20 12:08:47,175,4,10,normal
2026-02-20 12:08:48,178,4,10,normal
2026-02-20 12:08:48,179,4,10,normal
2026-02-20 12:08:48,180,4,10,normal
2026-02-20 12:08:48,181,4,10,normal
2026-02-20 12:08:49,182,4,10,normal
2026-02-20 12:08:49,183,4,10,normal
2026-02-20 12:08:49,184,4,10,normal
2026-02-20 12:08:49,185,4,10,normal
2026-02-20 12:08:49,186,4,10,normal
2026-02-20 12:08:49,187,4,10,normal
2026-02-20 12:08:50,188,4,10,normal
2026-02-20 12:08:50,189,4,10,normal
2026-02-20 12:08:50,190,4,10,normal
2026-02-20 12:08:50,191,4,10,normal
2026-02-20 12:08:50,192,4,10,normal
2026-02-20 12:08:50,193,4,10,normal
2026-02-20 12:08:51,194,4,10,normal
2026-02-20 12:08:51,195,4,10,normal
2026-02-20 12:08:51,196,4,10,normal
2026-02-20 12:08:51,197,4,10,normal
2026-02-20 12:08:51,198,4,10,normal
2026-02-20 12:08:51,199,4,10,normal
2026-02-20 12:08:51,200,4,10,normal
2026-02-20 12:08:52,201,4,10,normal
2026-02-20 12:08:52,202,4,10,normal
2026-02-20 12:08:52,203,4,10,normal
2026-02-20 12:08:52,204,4,10,normal
2026-02-20 12:08:52,205,4,10,normal
2026-02-20 12:08:52,206,4,10,normal
2026-02-20 12:08:53,207,4,10,normal
2026-02-20 12:08:53,208,4,10,normal
2026-02-20 12:08:53,209,4,10,normal
2026-02-20 12:08:53,210,4,10,normal
2026-02-20 12:08:53,211,4,10,normal
2026-02-20 12:08:53,212,4,10,normal
2026-02-20 12:08:53,213,4,10,normal
2026-02-20 12:08:53,214,4,10,normal
2026-02-20 12:08:54,215,4,10,normal
2026-02-20 12:08:54,216,4,10,normal
2026-02-20 12:08:54,217,4,10,normal
2026-02-20 12:08:54,218,4,10,normal
2026-02-20 12:08:54,219,4,10,normal
2026-02-20 12:08:54,220,4,10,normal
2026-02-20 12:08:55,221,4,10,normal
2026-02-20 12:08:55,222,4,10,normal
2026-02-20 12:08:55,223,4,10,normal
2026-02-20 12:08:55,224,4,10,normal
2026-02-20 12:08:55,225,4,10,normal
2026-02-20 12:08:55,226,4,15,loitering
2026-02-20 12:08:56,227,4,20,loitering
2026-02-20 12:08:56,228,4,25,loitering
2026-02-20 12:08:56,229,4,30,loitering
2026-02-20 12:08:56,230,4,35,loitering
2026-02-20 12:08:56,231,4,40,loitering
2026-02-20 12:08:56,232,4,45,loitering
2026-02-20 12:08:56,233,4,50,loitering
2026-02-20 12:08:57,234,4,55,loitering
2026-02-20 12:08:57,235,4,60,loitering
2026-02-20 12:08:57,236,4,65,loitering
2026-02-20 12:08:57,237,4,70,loitering
2026-02-20 12:08:57,238,4,75,loitering
2026-02-20 12:08:57,239,4,80,loitering
2026-02-20 12:08:58,240,4,85,loitering
2026-02-20 12:08:58,241,4,90,loitering
2026-02-20 12:08:58,242,4,95,loitering
2026-02-20 12:08:58,243,4,100,loitering
2026-02-20 12:08:58,244,4,100,loitering
2026-02-20 12:08:58,245,4,100,loitering
2026-02-20 12:08:58,246,4,100,loitering
2026-02-20 12:08:59,247,4,100,loitering
2026-02-20 12:08:59,248,4,100,loitering
2026-02-20 12:08:59,249,4,100,loitering
2026-02-20 12:08:59,250,4,100,loitering
2026-02-20 12:08:59,251,4,100,loitering
2026-02-20 12:08:59,252,4,100,loitering
2026-02-20 12:08:59,253,4,100,loitering
2026-02-20 12:09:00,254,4,100,loitering
2026-02-20 12:09:00,255,4,100,loitering
2026-02-20 12:09:00,256,4,100,loitering
2026-02-20 12:09:00,257,4,99,normal
2026-02-20 12:09:00,258,4,98,normal
2026-02-20 12:09:00,259,4,97,normal
2026-02-20 12:09:01,260,4,96,normal
2026-02-20 12:09:01,261,4,95,normal
2026-02-20 12:09:01,262,4,94,normal
2026-02-20 12:09:01,263,4,93,normal
2026-02-20 12:09:01,264,4,92,normal
2026-02-20 12:09:01,265,4,91,normal
2026-02-20 12:09:09,343,7,10,normal
2026-02-20 12:09:09,346,7,10,normal
2026-02-20 12:09:09,347,7,10,normal
2026-02-20 12:09:09,348,7,10,normal
2026-02-20 12:09:09,349,7,10,normal
2026-02-20 12:09:10,350,7,10,normal
2026-02-20 12:09:10,351,7,10,normal
2026-02-20 12:09:10,352,7,10,normal
2026-02-20 12:09:10,353,7,10,normal
2026-02-20 12:09:10,354,7,10,normal
2026-02-20 12:09:10,355,7,10,normal
2026-02-20 12:09:10,356,7,10,normal
2026-02-20 12:09:10,357,7,10,normal
2026-02-20 12:09:11,358,7,10,normal
2026-02-20 12:09:11,359,7,10,normal
2026-02-20 12:09:11,360,7,10,normal
2026-02-20 12:09:11,361,7,10,normal
2026-02-20 12:09:11,362,7,10,normal
2026-02-20 12:09:11,363,7,10,normal
2026-02-20 12:09:11,364,7,10,normal
2026-02-20 12:09:12,365,7,10,normal
2026-02-20 12:09:12,366,7,10,normal
2026-02-20 12:09:12,367,7,10,normal
2026-02-20 12:09:12,368,7,10,normal
2026-02-20 12:09:12,369,7,10,normal
2026-02-20 12:09:12,370,7,10,normal
2026-02-20 12:09:12,371,7,10,normal
2026-02-20 12:09:12,372,7,10,normal
2026-02-20 12:09:13,373,7,10,normal
2026-02-20 12:09:13,374,7,10,normal
2026-02-20 12:09:13,375,7,10,normal
2026-02-20 12:09:13,376,7,10,normal
2026-02-20 12:09:13,377,7,10,normal
2026-02-20 12:09:13,378,7,10,normal
2026-02-20 12:09:13,379,7,10,normal
2026-02-20 12:09:13,380,7,10,normal
2026-02-20 12:09:14,381,7,10,normal
2026-02-20 12:09:14,382,7,10,normal
2026-02-20 12:09:14,383,7,10,normal
2026-02-20 12:09:14,384,7,10,normal
2026-02-20 12:09:14,385,7,10,normal
2026-02-20 12:09:14,386,7,10,normal
2026-02-20 12:09:14,387,7,10,normal
2026-02-20 12:09:14,388,7,10,normal
2026-02-20 12:09:15,389,7,10,normal
2026-02-20 12:09:15,390,7,10,normal
2026-02-20 12:09:15,391,7,10,normal
2026-02-20 12:09:15,392,7,10,normal
2026-02-20 12:09:15,393,7,10,normal
2026-02-20 12:09:15,394,7,10,normal
2026-02-20 12:09:15,395,7,10,normal
2026-02-20 12:09:16,396,7,15,loitering
2026-02-20 12:09:16,397,7,20,loitering
2026-02-20 12:09:16,398,7,25,loitering
2026-02-20 12:09:16,399,7,30,loitering
2026-02-20 12:09:16,400,7,35,loitering
2026-02-20 12:09:16,401,7,40,loitering
2026-02-20 12:09:16,402,7,45,loitering
2026-02-20 12:09:16,403,7,50,loitering
2026-02-20 12:09:17,404,7,55,loitering
2026-02-20 12:09:17,405,7,60,loitering
2026-02-20 12:09:17,406,7,59,normal
2026-02-20 12:09:17,407,7,58,normal
2026-02-20 12:09:17,408,7,57,normal
2026-02-20 12:09:17,409,7,56,normal
2026-02-20 12:09:17,410,7,55,normal
2026-02-20 12:09:18,411,7,54,normal
2026-02-20 12:09:18,412,7,53,normal
2026-02-20 12:09:18,413,7,52,normal
2026-02-20 12:10:01,1,1,10,normal
2026-02-20 12:10:01,2,1,10,normal
2026-02-20 12:10:01,3,1,10,normal
2026-02-20 12:10:01,4,1,10,normal
2026-02-20 12:10:02,5,1,10,normal
2026-02-20 12:10:02,6,1,10,normal
2026-02-20 12:10:02,7,1,10,normal
2026-02-20 12:10:02,8,1,10,normal
2026-02-20 12:10:02,9,1,10,normal
2026-02-20 12:10:02,10,1,10,normal
2026-02-20 12:10:02,11,1,10,normal
2026-02-20 12:10:03,12,1,10,normal
2026-02-20 12:10:03,13,1,10,normal
2026-02-20 12:10:03,14,1,10,normal
2026-02-20 12:10:03,15,1,10,normal
2026-02-20 12:10:03,16,1,10,normal
2026-02-20 12:10:03,17,1,10,normal
2026-02-20 12:10:03,18,1,10,normal
2026-02-20 12:10:04,19,1,10,normal
2026-02-20 12:10:04,20,1,10,normal
2026-02-20 12:10:04,21,1,10,normal
2026-02-20 12:10:04,22,1,10,normal
2026-02-20 12:10:04,23,1,10,normal
2026-02-20 12:10:04,24,1,10,normal
2026-02-20 12:10:04,25,1,10,normal
2026-02-20 12:10:05,26,1,10,normal
2026-02-20 12:10:05,27,1,10,normal
2026-02-20 12:10:05,28,1,10,normal
2026-02-20 12:10:05,29,1,10,normal
2026-02-20 12:10:05,30,1,15,loitering
2026-02-20 12:10:05,31,1,20,loitering
2026-02-20 12:10:05,32,1,25,loitering
2026-02-20 12:10:06,33,1,30,loitering
2026-02-20 12:10:06,34,1,35,loitering
2026-02-20 12:10:06,35,1,40,loitering
2026-02-20 12:10:06,36,1,45,loitering
2026-02-20 12:10:06,37,1,50,loitering
2026-02-20 12:10:06,38,1,55,loitering
2026-02-20 12:10:06,39,1,60,loitering
2026-02-20 12:10:06,40,1,65,loitering
2026-02-20 12:10:07,41,1,70,loitering
2026-02-20 12:10:07,42,1,75,loitering
2026-02-20 12:10:07,43,1,80,loitering
2026-02-20 12:10:07,44,1,85,loitering
2026-02-20 12:10:07,45,1,90,loitering
2026-02-20 12:10:07,46,1,95,loitering
2026-02-20 12:10:08,47,1,100,loitering
2026-02-20 12:10:08,48,1,100,loitering
2026-02-20 12:10:08,49,1,100,loitering
2026-02-20 12:10:08,50,1,100,loitering
2026-02-20 12:10:08,51,1,100,loitering
2026-02-20 12:10:08,52,1,100,loitering
2026-02-20 12:10:08,53,1,100,loitering
2026-02-20 12:10:09,54,1,100,loitering
2026-02-20 12:10:09,55,1,100,loitering
2026-02-20 12:10:09,56,1,100,loitering
2026-02-20 12:10:09,57,1,100,loitering
2026-02-20 12:10:09,58,1,100,loitering
2026-02-20 12:10:09,59,1,100,loitering
2026-02-20 12:10:10,60,1,100,loitering
2026-02-20 12:10:10,61,1,100,loitering
2026-02-20 12:10:10,62,1,100,loitering
2026-02-20 12:10:10,63,1,100,loitering
2026-02-20 12:10:10,64,1,100,loitering
2026-02-20 12:10:10,65,1,100,loitering
2026-02-20 12:10:11,66,1,100,loitering
2026-02-20 12:10:11,67,1,100,loitering
2026-02-20 12:10:11,68,1,100,loitering
2026-02-20 12:10:11,69,1,100,loitering
2026-02-20 12:10:11,70,1,100,loitering
2026-02-20 12:10:11,71,1,100,loitering
2026-02-20 12:10:11,72,1,100,loitering
2026-02-20 12:10:12,73,1,100,loitering
2026-02-20 12:10:12,74,1,100,loitering
2026-02-20 12:10:12,75,1,100,loitering
2026-02-20 12:10:12,76,1,100,loitering
2026-02-20 12:10:12,77,1,100,loitering
2026-02-20 12:10:12,78,1,100,loitering
2026-02-20 12:10:12,79,1,100,loitering
2026-02-20 12:10:13,80,1,100,loitering
2026-02-20 12:10:13,81,1,100,loitering
2026-02-20 12:10:13,82,1,100,loitering
2026-02-20 12:10:13,83,1,100,loitering
2026-02-20 12:10:13,84,1,100,loitering
2026-02-20 12:10:13,85,1,100,loitering
2026-02-20 12:10:13,86,1,100,loitering
2026-02-20 12:10:14,87,1,100,loitering
2026-02-20 12:10:14,88,1,100,loitering
2026-02-20 12:10:14,89,1,100,loitering
2026-02-20 12:10:14,90,1,100,loitering
2026-02-20 12:10:14,91,1,100,loitering
2026-02-20 12:10:14,92,1,100,loitering
2026-02-20 12:10:14,93,1,100,loitering
2026-02-20 12:10:15,94,1,100,loitering
2026-02-20 12:10:15,95,1,100,loitering
2026-02-20 12:10:15,96,1,100,loitering
2026-02-20 12:10:15,97,1,100,loitering
2026-02-20 12:10:15,98,1,100,loitering
2026-02-20 12:10:15,99,1,100,loitering
2026-02-20 12:10:15,100,1,100,loitering
2026-02-20 12:10:16,101,1,100,loitering
2026-02-20 12:10:16,102,1,100,loitering
2026-02-20 12:10:16,103,1,100,loitering
2026-02-20 12:10:16,104,1,100,loitering
2026-02-20 12:10:16,105,1,100,loitering
2026-02-20 12:10:16,106,1,100,loitering
2026-02-20 12:10:17,107,1,100,loitering
2026-02-20 12:10:17,108,1,100,loitering
2026-02-20 12:10:17,109,1,100,loitering
2026-02-20 12:10:17,110,1,100,loitering
2026-02-20 12:10:17,111,1,100,loitering
2026-02-20 12:10:17,112,1,100,loitering
2026-02-20 12:10:17,113,1,100,loitering
2026-02-20 12:10:17,114,1,100,loitering
2026-02-20 12:10:18,115,1,100,loitering
2026-02-20 12:10:18,116,1,100,loitering
2026-02-20 12:10:18,117,1,100,loitering
2026-02-20 12:10:18,118,1,100,loitering
2026-02-20 12:10:18,119,1,100,loitering
2026-02-20 12:10:18,120,1,100,loitering
2026-02-20 12:10:18,121,1,100,loitering
2026-02-20 12:10:19,122,1,100,loitering
2026-02-20 12:10:19,123,1,100,loitering
2026-02-20 12:10:19,124,1,100,loitering
2026-02-20 12:10:19,125,1,100,loitering
2026-02-20 12:10:19,126,1,100,loitering
2026-02-20 12:10:19,127,1,100,loitering
2026-02-20 12:10:19,128,1,100,loitering
2026-02-20 12:10:20,129,1,100,loitering
2026-02-20 12:10:20,130,1,100,loitering
2026-02-20 12:10:20,131,1,100,loitering
2026-02-20 12:10:20,132,1,100,loitering
2026-02-20 12:10:20,133,1,100,loitering
2026-02-20 12:10:20,134,1,100,loitering
2026-02-20 12:10:20,135,1,100,loitering
2026-02-20 12:10:21,136,1,100,loitering
2026-02-20 12:10:21,137,1,100,loitering
2026-02-20 12:10:21,138,1,100,loitering
2026-02-20 12:10:21,139,1,100,loitering
2026-02-20 12:10:21,140,1,100,loitering
2026-02-20 12:10:21,141,1,100,loitering
2026-02-20 12:10:21,142,1,100,loitering
2026-02-20 12:10:22,143,1,100,loitering
2026-02-20 12:10:22,144,1,100,loitering
2026-02-20 12:10:22,145,1,100,loitering
2026-02-20 12:10:22,146,1,100,loitering
2026-02-20 12:10:22,147,1,100,loitering
2026-02-20 12:10:22,148,1,100,loitering
2026-02-20 12:10:22,149,1,100,loitering
2026-02-20 12:10:23,150,1,100,loitering
2026-02-20 12:10:23,151,1,100,loitering
2026-02-20 12:10:23,152,1,100,loitering
2026-02-20 12:10:23,153,1,100,loitering
2026-02-20 12:10:23,154,1,100,loitering
2026-02-20 12:10:23,155,1,100,loitering
2026-02-20 12:10:23,156,1,100,loitering
2026-02-20 12:10:24,157,1,100,loitering
2026-02-20 12:10:24,158,1,100,loitering
2026-02-20 12:10:24,159,1,100,loitering
2026-02-20 12:10:24,160,1,100,loitering
2026-02-20 12:10:24,161,1,100,loitering
2026-02-20 12:10:24,162,1,100,loitering
2026-02-20 12:10:24,163,1,100,loitering
2026-02-20 12:10:25,164,1,100,loitering
2026-02-20 12:10:25,165,1,100,loitering
2026-02-20 12:10:25,166,1,100,loitering
2026-02-20 12:10:25,167,1,100,loitering
2026-02-20 12:10:25,168,1,100,loitering
2026-02-20 12:10:25,169,1,100,loitering
2026-02-20 12:10:25,170,1,100,loitering
2026-02-20 12:10:26,171,1,100,loitering
2026-02-20 12:10:26,172,1,100,loitering
2026-02-20 12:10:26,173,1,100,loitering
2026-02-20 12:10:26,174,1,100,loitering
2026-02-20 12:10:26,175,1,100,loitering
2026-02-20 12:10:26,176,1,100,loitering
2026-02-20 12:10:26,177,1,100,loitering
2026-02-20 12:10:27,178,1,100,loitering
2026-02-20 12:10:27,179,1,100,loitering
2026-02-20 12:10:27,180,1,100,loitering
2026-02-20 12:10:27,181,1,100,loitering
2026-02-20 12:10:27,182,1,100,loitering
2026-02-20 12:10:27,183,1,100,loitering
2026-02-20 12:10:27,184,1,100,loitering
2026-02-20 12:10:27,185,1,100,loitering
2026-02-20 12:10:28,186,1,100,loitering
2026-02-20 12:10:28,187,1,100,loitering
2026-02-20 12:10:28,188,1,100,loitering
2026-02-20 12:10:28,189,1,100,loitering
2026-02-20 12:10:28,190,1,100,loitering
2026-02-20 12:10:28,191,1,100,loitering
2026-02-20 12:10:28,192,1,100,loitering
2026-02-20 12:10:29,193,1,100,loitering
2026-02-20 12:10:29,194,1,100,loitering
2026-02-20 12:10:29,195,1,100,loitering
2026-02-20 12:10:29,196,1,100,loitering
2026-02-20 12:10:29,197,1,100,loitering
2026-02-20 12:10:29,198,1,100,loitering
2026-02-20 12:10:29,199,1,100,loitering
2026-02-20 12:10:30,200,1,100,loitering
2026-02-20 12:10:30,201,1,100,loitering
2026-02-20 12:10:30,202,1,100,loitering
2026-02-20 12:10:30,203,1,100,loitering
2026-02-20 12:10:30,204,1,100,loitering
2026-02-20 12:10:30,205,1,100,loitering
2026-02-20 12:10:30,206,1,100,loitering
2026-02-20 12:10:31,207,1,100,loitering
2026-02-20 12:10:31,208,1,100,loitering
2026-02-20 12:10:31,209,1,100,loitering
2026-02-20 12:10:31,210,1,100,loitering
2026-02-20 12:10:31,211,1,100,loitering
2026-02-20 12:10:31,212,1,100,loitering
2026-02-20 12:10:31,213,1,100,loitering
2026-02-20 12:10:31,214,1,100,loitering
2026-02-20 12:10:32,215,1,100,loitering
2026-02-20 12:10:32,216,1,100,loitering
2026-02-20 12:10:32,217,1,100,loitering
2026-02-20 12:10:32,218,1,100,loitering
2026-02-20 12:10:32,219,1,100,loitering
2026-02-20 12:10:32,220,1,100,loitering
2026-02-20 12:10:32,221,1,100,loitering
2026-02-20 12:10:33,222,1,100,loitering
2026-02-20 12:10:33,223,1,100,loitering
2026-02-20 12:10:33,224,1,100,loitering
2026-02-20 12:10:33,225,1,100,loitering
2026-02-20 12:10:33,226,1,100,loitering
2026-02-20 12:10:33,227,1,100,loitering
2026-02-20 12:10:33,228,1,100,loitering
2026-02-20 12:10:34,229,1,100,loitering
2026-02-20 12:10:34,230,1,100,loitering
2026-02-20 12:10:34,231,1,100,loitering
2026-02-20 12:10:34,232,1,100,loitering
2026-02-20 12:10:34,233,1,100,loitering
2026-02-20 12:10:34,234,1,100,loitering
2026-02-20 12:10:34,235,1,100,loitering
2026-02-20 12:10:35,236,1,100,loitering
2026-02-20 12:10:35,237,1,100,loitering
2026-02-20 12:10:35,238,1,100,loitering
2026-02-20 12:10:35,239,1,100,loitering
2026-02-20 12:10:35,240,1,100,loitering
2026-02-20 12:10:35,241,1,100,loitering
2026-02-20 12:10:35,242,1,100,loitering
2026-02-20 12:10:36,243,1,100,loitering
2026-02-20 12:10:36,244,1,100,loitering
2026-02-20 12:10:36,245,1,100,loitering
2026-02-20 12:10:36,246,1,100,loitering
2026-02-20 12:10:36,247,1,100,loitering
2026-02-20 12:10:36,248,1,100,loitering
2026-02-20 12:10:36,249,1,100,loitering
2026-02-20 12:10:37,250,1,100,loitering
2026-02-20 12:10:37,251,1,100,loitering
2026-02-20 12:10:37,252,1,100,loitering
2026-02-20 12:10:37,253,1,100,loitering
2026-02-20 12:10:37,254,1,100,loitering
2026-02-20 12:10:37,255,1,100,loitering
2026-02-20 12:10:37,256,1,100,loitering
2026-02-20 12:10:37,257,1,100,loitering
2026-02-20 12:10:38,258,1,100,loitering
2026-02-20 12:10:38,259,1,100,loitering
2026-02-20 12:10:38,260,1,100,loitering
2026-02-20 12:10:38,261,1,100,loitering
2026-02-20 12:10:38,262,1,100,loitering
2026-02-20 12:10:38,263,1,100,loitering
2026-02-20 12:10:38,264,1,100,loitering
2026-02-20 12:10:39,265,1,100,loitering
2026-02-20 12:10:39,266,1,100,loitering
2026-02-20 12:10:39,267,1,100,loitering
2026-02-20 12:10:39,268,1,100,loitering
2026-02-20 12:10:39,269,1,100,loitering
2026-02-20 12:10:39,270,1,100,loitering
2026-02-20 12:10:39,271,1,100,loitering
2026-02-20 12:10:40,272,1,100,loitering
2026-02-20 12:10:40,273,1,100,loitering
2026-02-20 12:10:40,274,1,100,loitering
2026-02-20 12:10:40,275,1,100,loitering
2026-02-20 12:10:40,276,1,100,loitering
2026-02-20 12:10:40,277,1,100,loitering
2026-02-20 12:10:40,278,1,100,loitering
2026-02-20 12:10:41,279,1,100,loitering
2026-02-20 12:10:41,280,1,100,loitering
2026-02-20 12:10:41,281,1,100,loitering
2026-02-20 12:10:41,282,1,100,loitering
2026-02-20 12:10:41,283,1,100,loitering
2026-02-20 12:10:41,284,1,100,loitering
2026-02-20 12:10:41,285,1,100,loitering
2026-02-20 12:10:41,286,1,100,loitering
2026-02-20 12:10:42,287,1,100,loitering
2026-02-20 12:10:42,288,1,100,loitering
2026-02-20 12:10:42,289,1,100,loitering
2026-02-20 12:10:42,290,1,100,loitering
2026-02-20 12:10:42,291,1,100,loitering
2026-02-20 12:10:42,292,1,100,loitering
2026-02-20 12:10:43,293,1,100,loitering
2026-02-20 12:10:43,294,1,100,loitering
2026-02-20 12:10:43,295,1,100,loitering
2026-02-20 12:10:43,296,1,100,loitering
2026-02-20 12:10:43,297,1,100,loitering
2026-02-20 12:10:43,298,1,100,loitering
2026-02-20 12:10:43,299,1,100,loitering
2026-02-20 12:10:43,300,1,100,loitering
2026-02-20 12:10:44,301,1,100,loitering
2026-02-20 12:10:44,302,1,100,loitering
2026-02-20 12:10:44,303,1,100,loitering
2026-02-20 12:10:44,304,1,100,loitering
2026-02-20 12:10:44,305,1,100,loitering
2026-02-20 12:10:44,306,1,100,loitering
2026-02-20 12:10:44,307,1,100,loitering
2026-02-20 12:10:45,308,1,100,loitering
2026-02-20 12:10:45,309,1,100,loitering
2026-02-20 12:10:45,310,1,100,loitering
2026-02-20 12:10:45,311,1,100,loitering
2026-02-20 12:10:45,312,1,100,loitering
2026-02-20 12:10:45,313,1,100,loitering
2026-02-20 12:10:45,314,1,100,loitering
2026-02-20 12:10:46,315,1,100,loitering
2026-02-20 12:10:46,316,1,100,loitering
2026-02-20 12:10:46,317,1,100,loitering
2026-02-20 12:15:23,1,1,10,normal
2026-02-20 12:15:23,2,1,10,normal
2026-02-20 12:15:23,3,1,10,normal
2026-02-20 12:15:24,4,1,10,normal
2026-02-20 12:15:24,5,1,10,normal
2026-02-20 12:15:24,6,1,10,normal
2026-02-20 12:15:24,7,1,10,normal
2026-02-20 12:15:24,8,1,10,normal
2026-02-20 12:15:24,9,1,10,normal
2026-02-20 12:15:24,10,1,10,normal
2026-02-20 12:15:25,11,1,10,normal
2026-02-20 12:15:25,12,1,10,normal
2026-02-20 12:15:25,13,1,10,normal
2026-02-20 12:15:25,14,1,10,normal
2026-02-20 12:15:25,15,1,10,normal
2026-02-20 12:15:25,16,1,10,normal
2026-02-20 12:15:25,17,1,10,normal
2026-02-20 12:15:26,18,1,10,normal
2026-02-20 12:15:26,19,1,10,normal
2026-02-20 12:15:26,20,1,10,normal
2026-02-20 12:15:26,21,1,10,normal
2026-02-20 12:15:26,22,1,10,normal
2026-02-20 12:15:26,23,1,10,normal
2026-02-20 12:15:26,24,1,10,normal
2026-02-20 12:15:27,25,1,10,normal
2026-02-20 12:15:27,26,1,10,normal
2026-02-20 12:15:27,27,1,10,normal
2026-02-20 12:15:27,28,1,10,normal
2026-02-20 12:15:27,29,1,10,normal
2026-02-20 12:15:27,30,1,15,loitering
2026-02-20 12:15:27,31,1,20,loitering
2026-02-20 12:15:27,32,1,25,loitering
2026-02-20 12:15:28,33,1,30,loitering
2026-02-20 12:15:28,34,1,35,loitering
2026-02-20 12:15:28,35,1,40,loitering
2026-02-20 12:15:28,36,1,45,loitering
2026-02-20 12:15:28,37,1,50,loitering
2026-02-20 12:15:28,38,1,55,loitering
2026-02-20 12:15:28,39,1,60,loitering
2026-02-20 12:15:29,40,1,65,loitering
2026-02-20 12:15:29,41,1,70,loitering
2026-02-20 12:15:29,42,1,75,loitering
2026-02-20 12:15:29,43,1,80,loitering
2026-02-20 12:15:29,44,1,85,loitering
2026-02-20 12:15:29,45,1,90,loitering
2026-02-20 12:15:29,46,1,95,loitering
2026-02-20 12:15:30,47,1,100,loitering
2026-02-20 12:15:30,48,1,100,loitering
2026-02-20 12:15:30,49,1,100,loitering
2026-02-20 12:15:30,50,1,100,loitering
2026-02-20 12:15:30,51,1,100,loitering
2026-02-20 12:15:30,52,1,100,loitering
2026-02-20 12:15:31,53,1,100,loitering
2026-02-20 12:15:31,54,1,100,loitering
2026-02-20 12:15:31,55,1,100,loitering
2026-02-20 12:15:31,56,1,100,loitering
2026-02-20 12:15:31,57,1,100,loitering
2026-02-20 12:15:31,58,1,100,loitering
2026-02-20 12:15:31,59,1,100,loitering
2026-02-20 12:15:32,60,1,100,loitering
2026-02-20 12:15:32,61,1,100,loitering
2026-02-20 12:15:32,62,1,100,loitering
2026-02-20 12:15:32,63,1,100,loitering
2026-02-20 12:15:32,64,1,100,loitering
2026-02-20 12:15:32,65,1,100,loitering
2026-02-20 12:15:32,66,1,100,loitering
2026-02-20 12:15:33,67,1,100,loitering
2026-02-20 12:15:33,68,1,100,loitering
2026-02-20 12:15:33,69,1,100,loitering
2026-02-20 12:15:33,70,1,100,loitering
2026-02-20 12:15:33,71,1,99,normal
2026-02-20 12:15:33,72,1,98,normal
2026-02-20 12:15:33,73,1,97,normal
2026-02-20 12:15:34,74,1,96,normal
2026-02-20 12:15:34,75,1,95,normal
2026-02-20 12:15:34,76,1,94,normal
2026-02-20 12:15:34,77,1,93,normal
2026-02-20 12:15:34,78,1,92,normal
2026-02-20 12:15:34,79,1,91,normal
2026-02-20 12:15:34,80,1,90,normal
2026-02-20 12:15:34,81,1,89,normal
2026-02-20 12:15:35,82,1,88,normal
2026-02-20 12:15:35,83,1,87,normal
2026-02-20 12:15:35,84,1,86,normal
2026-02-20 12:15:35,85,1,85,normal
2026-02-20 12:15:35,86,1,84,normal
2026-02-20 12:15:35,87,1,83,normal
2026-02-20 12:15:35,88,1,82,normal
2026-02-20 12:15:36,89,1,81,normal
2026-02-20 12:15:36,90,1,80,normal
2026-02-20 12:15:36,91,1,79,normal
2026-02-20 12:15:36,92,1,78,normal
2026-02-20 12:15:36,93,1,77,normal
2026-02-20 12:15:36,94,1,76,normal
2026-02-20 12:15:36,95,1,75,normal
2026-02-20 12:15:36,96,1,74,normal
2026-02-20 12:15:37,97,1,73,normal
2026-02-20 12:15:37,98,1,72,normal
2026-02-20 12:15:37,99,1,71,normal
2026-02-20 12:15:37,100,1,70,normal
2026-02-20 12:15:37,101,1,69,normal
2026-02-20 12:15:37,102,1,68,normal
2026-02-20 12:15:37,103,1,67,normal
2026-02-20 12:15:38,104,1,66,normal
2026-02-20 12:15:38,105,1,65,normal
2026-02-20 12:15:38,106,1,64,normal
2026-02-20 12:15:38,107,1,63,normal
2026-02-20 12:15:38,108,1,62,normal
2026-02-20 12:15:38,109,1,61,normal
2026-02-20 12:15:38,110,1,60,normal
2026-02-20 12:15:39,111,1,59,normal
2026-02-20 12:15:39,112,1,58,normal
2026-02-20 12:15:39,113,1,57,normal
2026-02-20 12:15:39,114,1,56,normal
2026-02-20 12:15:39,115,1,55,normal
2026-02-20 12:15:39,116,1,54,normal
2026-02-20 12:15:39,117,1,53,normal
2026-02-20 12:15:39,118,1,52,normal
2026-02-20 12:15:40,119,1,51,normal
2026-02-20 12:15:40,120,1,50,normal
2026-02-20 12:15:40,121,1,49,normal
2026-02-20 12:15:40,122,1,48,normal
2026-02-20 12:15:40,123,1,47,normal
2026-02-20 12:15:40,124,1,46,normal
2026-02-20 12:15:40,125,1,45,normal
2026-02-20 12:15:41,126,1,44,normal
2026-02-20 12:15:41,127,1,43,normal
2026-02-20 12:15:41,128,1,42,normal
2026-02-20 12:15:41,129,1,41,normal
2026-02-20 12:15:41,130,1,40,normal
2026-02-20 12:15:41,131,1,39,normal
2026-02-20 12:15:41,132,1,38,normal
2026-02-20 12:15:42,133,1,37,normal
2026-02-20 12:15:42,134,1,36,normal
2026-02-20 12:15:42,135,1,35,normal
2026-02-20 12:15:42,136,1,34,normal
2026-02-20 12:15:42,137,1,33,normal
2026-02-20 12:15:42,138,1,32,normal
2026-02-20 12:15:42,139,1,31,normal
2026-02-20 12:15:42,140,1,30,normal
2026-02-20 12:15:43,141,1,29,normal
2026-02-20 12:15:43,142,1,28,normal
2026-02-20 12:15:43,143,1,27,normal
2026-02-20 12:15:43,144,1,26,normal
2026-02-20 12:15:43,145,1,25,normal
2026-02-20 12:15:43,146,1,24,normal
2026-02-20 12:15:43,147,1,23,normal
2026-02-20 12:15:44,148,1,22,normal
2026-02-20 12:15:44,149,1,21,normal
2026-02-20 12:15:44,150,1,20,normal
2026-02-20 12:15:44,151,1,19,normal
2026-02-20 12:15:44,152,1,18,normal
2026-02-20 12:15:44,153,1,17,normal
2026-02-20 12:15:44,154,1,16,normal
2026-02-20 12:15:45,155,1,15,normal
2026-02-20 12:15:45,156,1,14,normal
2026-02-20 12:15:45,157,1,13,normal
2026-02-20 12:15:45,158,1,12,normal
2026-02-20 12:15:45,159,1,11,normal
2026-02-20 12:15:45,160,1,10,normal
2026-02-20 12:15:46,161,1,10,normal
2026-02-20 12:15:46,162,1,10,normal
2026-02-20 12:15:46,163,1,10,normal
2026-02-20 12:15:46,164,1,10,normal
